Instructor,Semester,Total Sections,Total Students,"M,W,F 8:00 AM-8:50 AM","M,W,F 09:00 AM-10:40 AM","M,W,F 09:00 AM-09:50 AM","M,W,F 10:00 AM-10:50 AM","M,W,F 11:00 AM-11:50 AM","M,W,F 11:00 AM-12:40 PM","M,W,F 12:00 PM-12:50 PM","M,W,F 12:30 PM-01:45 PM","M,W,F 01:00 PM-01:50 PM","M,W,F 02:00 PM-02:50 PM","M,W,F 03:00 PM-04:40 PM","M,W,F 03:00 PM-03:50 PM","M,W 08:00 AM-09:15 AM","M,W 08:00 AM-10:30 AM","M,W 09:00 AM-10:50 AM","M,W 09:30 AM-10:45 AM","M,W 11:00 AM-12:15 PM","M,W 11:00 AM-01:30 PM","M,W 12:30 PM-01:45 PM","M,W 02:00 PM-04:30 PM","M,W 02:00 PM-03:50 PM","M,W 02:00 PM-03:15 PM","M,W 3:30 PM-4:45 PM","M,W 05:00 PM-06:15 PM","T,Th 08:00 AM-10:30 AM","T,Th 8:00 AM-9:15 AM","T,Th 08:00 AM-09:15 AM","T,Th 09:00 AM-10:50 AM","T,Th 09:00 AM-09:50 AM","T,Th 09:30 AM-10:45 AM","T,Th 10:00 AM-10:50 AM","T,Th 11:00 AM-01:30 PM","T,Th 12:00 PM-01:50 PM","T,Th 12:00 PM-12:50 PM","T,Th 12:30 PM-01:45 PM","T,Th 01:00 PM-01:50 PM","T,Th 01:00 PM-02:50 PM","T,Th 02:00 PM-03:15 PM","T,Th 02:00 PM-02:50 PM","T,Th 02:00 PM-04:30 PM","T,Th 03:00 PM-03:50 PM","T,Th 3:30 PM-4:45 PM","T,Th 03:30 PM-04:45 PM","T,Th 04:00 PM-04:50 PM","T,Th 05:00 PM-06:15 PM","T,Th 05:00 PM-07:30 PM","T,Th 05:30 PM-06:20 PM","T,Th 05:30 PM-06:45 PM",T 12:00 PM-12:50 PM,T 02:00 PM-02:50 PM,T 04:00 PM-04:50 PM,W 09:00 AM-09:50 AM,W 11:00 AM-11:50 AM,W 12:00 PM-12:50 PM,W 01:00 PM-01:50 PM,Th 11:00 AM-11:50 AM,F 02:00 PM-04:30 PM
Archibald,Fall 2026,2,81,,,,,,,,,,,,,,,,,470-1 (JKB 3106),,670-1 (JKB 3106),,,,,,,,,,,,,,,,,,,,,,,,,,,,,,,,,,,,,,
Archibald,Winter 2027,2,60,,,,,,,,,,,,,,,,,,,,,,,,,,,,,,224B-1 (HBLL 3718),,,,,224B-2 (HBLL 3718),,,,,,,,,,,,,,,,,,,,,,
Barker,Fall 2026,4,182,,,224A-2 (ESC C215),,224A-1 (ESC C215),,,,,252B-2 (ESC C215),,252B-1 (ESC C215),,,,,,,,,,,,,,,,,,,,,,,,,,,,,,,,,,,,,,,,,,,,,
Barker,Summer 2027,2,49,,224A-1 (JKB 3104),,,,236-1 (JKB 3104),,,,,,,,,,,,,,,,,,,,,,,,,,,,,,,,,,,,,,,,,,,,,,,,,,,
Barker,Winter 2027,3,239,,,,,,,236-1 (TMCB 1170),,236-2 (TMCB 1170),,,236-3 (JKB 3108),,,,,,,,,,,,,,,,,,,,,,,,,,,,,,,,,,,,,,,,,,,,,
"Barton, Dylan",Fall 2026,1,0,,,,,,,,,,,,,,,,,,,,,,,,,,,,,,,,,,,,,,,,,,,,,235E-1 (TMCB 134),,,,,,,,,,,,
"Barton, Dylan",Spring 2027,1,0,,,,,,,,,,,,,,,,,,,,,,,,,,,,,,,,,,,,,,,,,,,,,,224E-1 (TMCB 136),,,,,,,,,,,
"Barton, Dylan",Winter 2027,1,0,,,,,,,,,,,,,,,,,,,,,,,,,,,,,,,,,,,,,,,,,,,,,235E-1 (TMCB 120),,,,,,,,,,,,
Bean,Fall 2026,3,221,401RB-1 (TMCB 120),,,401R-1 (MCKB 220),,,,,,,,,,,,,110-1 (TMCB 1170),,,,,,,,,,,,,,,,,,,,,,,,,,,,,,,,,,,,,,,,
Bean,Spring 2027,2,82,,,,,,,,,,,,,,,,,,,,,,,,,312-1 (JKB 3104),,,,,,,,,,,,,,,110-1 (JKB 3104),,,,,,,,,,,,,,,,,
Bean,Winter 2027,4,283,401RB-1 (TMCB 120),,,401R-1 (MARB 130),,,,,,,,,,,,,110-1 (MARB 222),,,,,,,,,,,,,,,,,,,,,312-1 (JKB 2113),,,,,,,,,,,,,,,,,,,
Bean/MJ,Fall 2026,1,15,,,,,,,,,,,,,,,,,,,,,,,,,,,,,,301R-1 (MCKB 220),,,,,,,,,,,,,,,,,,,,,,,,,,,
Bean/MJ,Winter 2027,1,0,,,,,,,,,,,,,,,,,,,,,,301R-1 (JKB 3106),,,,,,,,,,,,,,,,,,,,,,,,,,,,,,,,,,,
Carroll,Fall 2026,1,30,,,,,,,,,,,,,,,,,,,,,,,,,,,,,,,,,,,,,,,,,,456-1 (TMCB 120),,,,,,,,,,,,,,,
Carroll,Winter 2027,1,30,,,,,,,,,,,,,,,,,,,,,,,,,,456-1 (TMCB 120),,,,,,,,,,,,,,,,,,,,,,,,,,,,,,,
Clement,Fall 2026,1,70,,,,,,,,,,,,,,,,,,,260C-1 (MARB 130),,,,,,,,,,,,,,,,,,,,,,,,,,,,,,,,,,,,,,
"Clift, Fred",Winter 2027,1,0,,,,,,,,,,,,,,,,,,,,,,,,,,,,,,,,,,,,,,465-1 (TMCB 120),,,,,,,,,,,,,,,,,,,
"Cluff, Andrew",Winter 2027,1,0,,,,,,,,,,,,,,,,,,,,,,,,,,,,,,,,,,,,,,,,,,,,,111E-1 (CB 377),,,,,,,,,,,,
Crandall,Fall 2026,3,90,,,,,,,,,,,,,,,,235-3 (JKB 1102),235-2 (JKB 1102),,,,,235-1 (JKB 3108),,,,,,,,,,,,,,,,,,,,,,,,,,,,,,,,,,,
Deccio,Fall 2026,1,37,,,,460-1 (HBLL 3718),,,,,,,,,,,,,,,,,,,,,,,,,,,,,,,,,,,,,,,,,,,,,,,,,,,,,
Deccio,Winter 2027,2,129,,,324-2 (TMCB 1170),324-1 (TMCB 1170),,,,,,,,,,,,,,,,,,,,,,,,,,,,,,,,,,,,,,,,,,,,,,,,,,,,,
"Dougal, Duane",Fall 2026,3,90,,,,,,,,,,,,324-2 (JFSB B037),,,,,,,,,,,,,,,,,,,,,,,110-4 (TMCB 1170),,,110-3 (TMCB 1170),,,,,,,,,,,,,,,,,,,
"Dougal, Duane",Summer 2027,2,0,,,,,,,,,,,,,,235-1 (TMCB 136),,,,110-1 (TMCB 136),,,,,,,,,,,,,,,,,,,,,,,,,,,,,,,,,,,,,,,
"Dougal, Duane",Winter 2027,3,90,,,,,324-3 (TMCB 1170),,,,,,,,,,,,,,,,,,,,,,,,,,,,,,235-5 (TMCB 1170),,,110-2 (TMCB 1170),,,,,,,,,,,,,,,,,,,
"Earnshaw, Craig",Fall 2026,1,0,,,,,,,,,,,,,,,,,,,,,,,,,,,,,,405-1 (TMCB 120),,,,,,,,,,,,,,,,,,,,,,,,,,,
"Earnshaw, Craig",Winter 2027,1,0,,,,,,,,,,,,,,,,,,,,,,405-1 (TMCB 120),,,,,,,,,,,,,,,,,,,,,,,,,,,,,,,,,,,
Egbert,Fall 2026,1,50,,,,,,,,,,,,,,,,,,,,,,,,,,,,,,355-1 (MARB 130),,,,,,,,,,,,,,,,,,,,,,,,,,,
Egbert,Winter 2027,2,38,,,,,,,,,,,,,,,,,,,,,,,,,,,,,,655-1 (JKB 3106),,,,,,,,455-1 (JKB 3106),,,,,,,,,,,,,,,,,,,
Farrell,Fall 2026,2,60,,,,,,,,,,,,,,,,,,,,,,,,,,450-1 (TMCB 120),,,,,,,,,493-1 (TMCB 120),,,,,,,,,,,,,,,,,,,,,,
Farrell,Winter 2027,1,30,,,,,,,,,,,,,,,,,,,,,,,,,,,,,,493-1 (TMCB 120),,,,,,,,,,,,,,,,,,,,,,,,,,,
"Gates, Darin",Fall 2026,2,81,,,,,,,,,,,,,,,,,404-1 (JFSB B092),,404-2 (ESC C215),,,,,,,,,,,,,,,,,,,,,,,,,,,,,,,,,,,,,,
"Gates, Darin",Spring 2027,1,11,,,,,,,,,,,,,,,,,,,,404-1 (JKB 3104),,,,,,,,,,,,,,,,,,,,,,,,,,,,,,,,,,,,,
"Gates, Darin",Summer 2027,1,10,,,,,,,,,,,,,,,,,,,,404-1 (JKB 3104),,,,,,,,,,,,,,,,,,,,,,,,,,,,,,,,,,,,,
"Gates, Darin",Winter 2027,2,85,,,,,,,,,,,,,,,,,,,,,,404-2 (JFSB B092),,,,,,,,,,,,,,,,404-1 (CB 377),,,,,,,,,,,,,,,,,,,
Germane,Fall 2026,2,59,,,,,,,,,,,,,,,,,,,,,,,,,,,,,,,,,,,,,,430-1 (TMCB SMALL1),,,,,330-1 (BRMB 240),,,,,,,,,,,,,,
Germane,Winter 2027,2,55,,,,,,,,,,,,,,,,,,,,,,330-1 (TMCB 134),,,,,,,,,,,,,630-1 (TMCB 120),,,,,,,,,,,,,,,,,,,,,,
"Giles, Steven",Fall 2026,1,30,,,,,,,,,,,,,,,,,,,,,,111-5 (TMCB 1170),,,,,,,,,,,,,,,,,,,,,,,,,,,,,,,,,,,
"Giles, Steven",Winter 2027,1,30,,,,,,,,,,,,,,,,,,,,,,,,,,,,,,111-4 (TMCB 1170),,,,,,,,,,,,,,,,,,,,,,,,,,,
Goodrich,Fall 2026,3,90,,,236-1 (TMCB 1170),236-2 (TMCB 1170),,,,,,236-3 (JKB 3108),,,,,,,,,,,,,,,,,,,,,,,,,,,,,,,,,,,,,,,,,,,,,,,
Goodrich,Winter 2027,1,12,,,,,,,,,,,,,,,,,575-1 (TMCB 120),,,,,,,,,,,,,,,,,,,,,,,,,,,,,,,,,,,,,,,,
Grimsman,Fall 2026,1,7,,,,,,,,,,,,,,,,,,,,,,,,,,,,,,,,,,,501R-1 (TMCB 134),,,,,,,,,,,,,,,,,,,,,,
Grimsman,Winter 2027,2,60,,,,,,,,,,,,,,,,,,,,,,,,,,,,,,312-3 (CB 377),,,,,312-2 (JFSB B092),,,,,,,,,,,,,,,,,,,,,,
"Hansen, Bruce",Fall 2026,1,0,,,,,,,,,,,,,,,,,,,,,,,,110E-1 (HBLL 3718),,,,,,,,,,,,,,,,,,,,,,,,,,,,,,,,,
"Hansen, Bruce",Winter 2027,1,0,,,,,,,,,,,,,,,,,,,,,,,,110E-1 (JKB 2113),,,,,,,,,,,,,,,,,,,,,,,,,,,,,,,,,
Hughes,Fall 2026,2,100,,,,,,,,,,,,,,,,,256-1 (MARB 130),,401R-2 (TMCB 134),,,,,,,,,,,,,,,,,,,,,,,,,,,,,,,,,,,,,,
Hughes,Winter 2027,2,54,,,,,,,,,,,,,,,,556-1 (TMCB 134),,,256-1 (TMCB 120),,,,,,,,,,,,,,,,,,,,,,,,,,,,,,,,,,,,,,
Jenkins,Fall 2026,1,74,,,,,,,,,,,,,,,,,,,,,,,,,,,,,,474-1 (JKB 2113),,,,,,,,,,,,,,,,,,,,,,,,,,,
Jenkins,Winter 2027,3,120,,,,,,,,,,,,,,,,,452-1 (JFSB B092),,677-1 (TMCB 134),,,,,,,,,,,,,,,,474-1 (CB 377),,,,,,,,,,,,,,,,,,,,,,
Jensen,Fall 2026,4,159,,,,,,,,,,,,,,,,,,,,,,329-1 (JKB 3106),,,,,,,,240-1 (JKB 3108),,,,,240-3 (JKB 1102),,,240-2 (JKB 1102),,,,,,,,,,,,,,,,,,,
Jensen,Winter 2027,3,160,,,,,,,,,,,,,,,,,329-1 (CB 377),,,,,,,,,,,,,,,,,,260-2 (MARB 130),,,260-1 (HBLL 3718),,,,,,,,,,,,,,,,,,,
Jones MD,Fall 2026,1,11,,,,,,,,,,,,,,,,,,,,,,356-1 (TMCB 120),,,,,,,,,,,,,,,,,,,,,,,,,,,,,,,,,,,
"Jones, Angela",Fall 2026,1,0,,,,,,,,,,,,,,,,110A-1 (JFSB B037),,,,,,,,,,,,,,,,,,,,,,,,,,,,,,,,,,,,,,,,,
"Jones, Angela",Winter 2027,1,0,,,,,,,,,,,,,,,,110A-1 (JFSB B092),,,,,,,,,,,,,,,,,,,,,,,,,,,,,,,,,,,,,,,,,
"Judd, Glenn",Fall 2026,1,0,,,,,,,,,,,,,,,,,,,,,,,,,,,,,,,,,,,,,,,,,,,,,345E-1 (TMCB 120),,,,,,,,,,,,
"Judd, Glenn",Winter 2027,1,0,,,,,,,,,,,,,,,,,,,,,,,,,,,,,,,,,,,,,,,,,,,,,345E-1 (TMCB 134),,,,,,,,,,,,
Kapp,Fall 2026,1,117,,,,,,,,,,,,,,,,,,,,,,,180-1 (TMCB 1170),,,,,,,,,,,,,,,,,,,,,,,,,,,,,,,,,,
Killian,Winter 2027,1,30,,,,,,,,,,,,,,,,,,,474-2 (JFSB B092),,,,,,,,,,,,,,,,,,,,,,,,,,,,,,,,,,,,,,
Larsen,Fall 2026,1,30,,,,,,,,,,,,,,,,,,,,,,,,,,,356-2 (TMCB 120),,,,,,,,,,,,,,,,,,,,,,,,,,,,,,
Larsen,Winter 2027,2,47,,,,,,,,,,,,,,,,,,,,,,,356-1 (TMCB 120),,,,356-2 (TMCB 120),,,,,,,,,,,,,,,,,,,,,,,,,,,,,,
MJ,Fall 2026,2,114,,,,,,,,,,,,,,,,,,,,,,,,,,,,,,270-1 (ESC C215),,,,,,,,270-2 (ESC C215),,,,,,,,,,,,,,,,,,,
MJ,Spring 2027,1,30,,,,,,,,,,,,,,,,,,270-1 (JFSB B106),,,,,,,,,,,,,,,,,,,,,,,,,,,,,,,,,,,,,,,
MJ,Winter 2027,2,60,,,,,,,,,,,,,,,,,,,,,,235-2 (CB 377),,,,,,,,235-3 (JKB 1102),,,,,,,,,,,,,,,,,,,,,,,,,,,
Mercer,Fall 2026,2,174,,,,,,,,,,686-1 (MCKB 220),,236-4 (JKB 3108),,,,,,,,,,,,,,,,,,,,,,,,,,,,,,,,,,,,,,,,,,,,,
Mercer,Winter 2027,2,76,,,,486-1 (HBLL 3718),,,,,224A-1 (JKB 2113),,,,,,,,,,,,,,,,,,,,,,,,,,,,,,,,,,,,,,,,,,,,,,,,
Morse,Fall 2026,1,10,,,,,,,,,,,,,,,,704R-2 (HBLL 3718),,,,,,,,,,,,,,,,,,,,,,,,,,,,,,,,,,,,,,,,,
Ng,Fall 2026,1,13,,,,,,,,,,,,,,,,,,,,,,,,,,,,,,,,,,,,,,653-1 (JKB 3106),,,,,,,,,,,,,,,,,,,
Ng,Spring 2027,1,12,,,,,,,,,,,453-1 (JFSB B106),,,,,,,,,,,,,,,,,,,,,,,,,,,,,,,,,,,,,,,,,,,,,,
Ng,Winter 2027,2,67,,,,,,,,,,,,,,,,,,,,,,,,,,,,,,,,,,,252A-2 (JKB 3106),,,252A-1 (TMCB 134),,,,,,,,,,,,,,,,,,,
Page,Fall 2026,2,215,,,,,,,,,,,,,,,,,,,,,,,,,,,,,,110-2 (JKB 1102),,,,,601RB-1 (TMCB SMALL1),,,,,,,,,,,,,,,,,,,,,,
Reynolds,Fall 2026,5,343,,,,,,,,,,,,,,,,393-1 (MARB 130),111-1 (JKB 3108),,,,,452-2 (JFSB B092),,,,,,,,,,,,,452-1 (ESC C215),,,111-2 (JKB 3108),,,,,,,,,,,,,,,,,,,
Reynolds,Spring 2027,1,30,,,,,,,,,,,,,,,,,,,,,,,,,,,,,,,,452-1 (JKB 3104),,,,,,,,,,,,,,,,,,,,,,,,,
Reynolds,Winter 2027,3,156,,,,,,,,,,,,,,,,393-2 (CB 377),,,,,,393-1 (JKB 1102),,,,,,,,,,,,,,,,452-2 (JFSB B092),,,,,,,,,,,,,,,,,,,
Richardson,Fall 2026,2,230,,,,,,,,,,,,,,,,,,,111-3 (JKB 3108),,,,,,,,,,,,,,,,704R-1 (MARB 130),,,,,,,,,,,,,,,,,,,,,,
Richardson,Winter 2027,2,222,,,,,,,,,,,,,,,,,,,111-1 (JKB 3108),,,601R-1 (MARB 130),,,,,,,,,,,,,,,,,,,,,,,,,,,,,,,,,,,
Ringger,Fall 2026,4,95,,,,,,,,,,,,,,,,601R-1 (TMCB 134),479-1 (TMCB 134),,,,,,,,,,,,,312-2 (HBLL 3718),,,,,,,,312-1 (TMCB 120),,,,,,,,,,,,,,,,,,,
Ringger,Winter 2027,2,117,,,,,,,,,,,,,,,,,180-1 (JKB 1102),,,,,,,,,,,,,,,,,,180-2 (JKB 3108),,,,,,,,,,,,,,,,,,,,,,
Rodham,Fall 2026,2,121,,,,,,,,,,,,,,,,,,,240-4 (TMCB 1170),,340-1 (JKB 1102),,,,,,,,,,,,,,,,,,,,,,,,,,,,,,,,,,,,
Rodham,Winter 2027,2,111,,,,,,,,,,,,,,,,,,,,,340-1 (TMCB 1170),,,,,,,,,240-1 (JKB 3108),,,,,,,,,,,,,,,,,,,,,,,,,,,
Seamons,Fall 2026,1,81,,,,324-1 (ESC C215),,,,,,,,,,,,,,,,,,,,,,,,,,,,,,,,,,,,,,,,,,,,,,,,,,,,,
Seamons,Winter 2027,2,18,,,,,,,,,,,,,,,,,665-1 (MARB 130),,466-1 (HBLL 3718),,,,,,,,,,,,,,,,,,,,,,,,,,,,,,,,,,,,,,
Snell,Fall 2026,1,29,,,,,,,,,,,,,,,,,,,,,,574-1 (HBLL 3718),,,,,,,,,,,,,,,,,,,,,,,,,,,,,,,,,,,
Snell,Winter 2027,2,92,,,,,,,,,,,,,,,,,,,270-2 (JKB 1102),,,,,,,,,,,270-1 (JFSB B092),,,,,,,,,,,,,,,,,,,,,,,,,,,
Stephens,Fall 2026,2,180,,,,,,,,,,,,,,,,,,,,,,,,,,,,,,301R-3 (TBD TBD),,,,,235-5 (JKB 3108),,,,,,,,,,,,,,,,,,,,,,
Stephens,Spring 2027,2,125,,,,,,,,,,,,,,235-1 (JFSB B106),,,,111-1 (JKB 3104),,,,,,,,,,,,,,,,,,,,,,,,,,,,,,,,,,,,,,,
Stephens,Winter 2027,3,396,,,,,,,,,,,,,,,,,111-2 (JKB 3108),,301R-3 (MARB 130),,,,,,,,,,,,,,,,,,,235-4 (JKB 1102),,,,,,,,,,,,,,,,,,,
TBD,Fall 2026,37,1617,,,,,,,,,,,,,,,,,,,110L-19 (MARB 222),,,,,,,,,,110L-7 (MCKB 280); 110L-8 (TMCB 136),111L-6 (MCKB 26); 111L-7 (TMCB 104); 111L-8 (ESC C285),110L-10 (TMCB 136); 110L-9 (SFH 37),,,110L-11 (TMCB 136),111L-10 (TMCB 104); 111L-11 (TMCB 108); 111L-9 (ESC C285),110L-12 (TMCB 136),,111L-12 (TMCB 135); 111L-13 (TMCB 108); 111L-14 (BRMB 240),110L-13 (TMCB 136); 110L-14 (ESC C285),,110L-15 (TMCB 136); 110L-16 (TMCB 104),,111L-15 (ESC C285); 111L-16 (ESC C247); 111L-17 (HBLL 3718),110L-17 (TMCB 136),111L-20 (TMCB 108),,110L-18 (TMCB 136),111L-18 (TMCB 104),224L-14 (TMCB 112),224L-13 (TMCB 111),224L-12 (MCKB 26),224L-10 (MCKB 26),224L-5 (MCKB 26),224L-7 (MCKB 26),224L-8 (MCKB 26),224L-11 (MCKB 220); 224L-6 (MCKB 26); 224L-9 (TMCB 197),
TBD,Winter 2027,37,1617,,,,,,,,,,,,,,,,,,,110L-19 (MARB 222),,,,,,,,,,110L-7 (MCKB 220); 110L-8 (TMCB 136),111L-6 (MCKB 26); 111L-7 (TMCB 134); 111L-8 (ESC C285),110L-10 (TMCB 136); 110L-9 (SFH 37),,,110L-11 (TMCB 136),111L-10 (TMCB 134); 111L-11 (TMCB 104); 111L-9 (ESC C285),110L-12 (TMCB 136),,111L-12 (TMCB 135); 111L-13 (TMCB 108); 111L-14 (BRMB 240),110L-13 (TMCB 136); 110L-14 (ESC C285),,110L-15 (TMCB 136); 110L-16 (TMCB 104),,111L-15 (ESC C285); 111L-16 (BRMB 240); 111L-17 (HBLL 3718),110L-17 (TMCB 136),111L-20 (TMCB 108),,110L-18 (TMCB 136),111L-18 (TMCB 104),224L-14 (TMCB 108),224L-13 (TMCB 111),224L-12 (MCKB 26),224L-10 (MCKB 26),224L-5 (MCKB 26),224L-7 (MCKB 26),224L-8 (MCKB 26),224L-11 (MCKB 220); 224L-6 (MCKB 26); 224L-9 (TMCB 197),
Team:Grimsman/Killian,Fall 2026,1,30,,,,,,,,,,,,,,,,,,,,,,,,,,,,,,,,,,,,,,401RT-1 (TMCB 134),,,,,,,,,,,,,,,,,,,
Team:MJ/Snell,Fall 2026,1,30,,,,,,,,,,,,,,,,,,,,,,,,,,,,,,,,,,,482T-1 (BRMB 240),,,,,,,,,,,,,,,,,,,,,,
Team:MJ/Snell,Winter 2027,1,30,,,,,,,,,,,,,,,,,,,,,,,,,,,,,,483T-1 (MARB 130),,,,,,,,,,,,,,,,,,,,,,,,,,,
"Team:Rodham/Sillito/Baird, Brad",Winter 2027,2,60,,,,,,,,,,,,,,,,,,,,,,,,,,,,,,,,,,,,,,481T-1 (MARB 130),,,,,480T-1 (MARB 130),,,,,,,,,,,,,,
"Team:Zappala/Dougal, Duane",Fall 2026,1,200,,,,,,,,,,,,,,,,,,,,,,,,,,,,,,,,,,,,,,,,,,,,,,,,,,,,,,,,,191/291T-1 (TMCB 1170)
"Team:Zappala/Dougal, Duane",Winter 2027,1,200,,,,,,,,,,,,,,,,,,,,,,,,,,,,,,,,,,,,,,,,,,,,,,,,,,,,,,,,,191/291T-1 (TMCB 1170)
Toborg,Fall 2026,1,0,,,,,,,,,,,,,,,,401R-3 (TMCB 120),,,,,,,,,,,,,,,,,,,,,,,,,,,,,,,,,,,,,,,,,
Toborg,Winter 2027,1,0,,,,,,,,,,,,,,,,401R-2 (TMCB 120),,,,,,,,,,,,,,,,,,,,,,,,,,,,,,,,,,,,,,,,,
Ventura,Fall 2026,2,60,,,,,,,,,,,,,,,,,,,,,,,,,,,,,,260-1 (BRMB 240),,,,,,,,673-1 (HBLL 3718),,,,,,,,,,,,,,,,,,,
Warnick,Fall 2026,1,31,,,,,,,,580-1 (TMCB 120),,,,,,,,,,,,,,,,,,,,,,,,,,,,,,,,,,,,,,,,,,,,,,,,,
Warnick,Winter 2027,2,41,,,,,,,,,,,,,,,,,513-1 (HBLL 3718),,712-1 (TMCB 197),,,,,,,,,,,,,,,,,,,,,,,,,,,,,,,,,,,,,,
"Webster, Bruce",Fall 2026,1,0,,,,,,,,,,,,,,,,,,,,,,,,,,,,,,,,,,,,,,,,,,,,,,,,,,,,,,,,,428-1 (TMCB 120)
"Webster, Bruce",Winter 2027,1,0,,,,,,,,,,,,,,,,,,,,,,,,,,,,,,,,,,,,,,,,,,,,,,,,,,,,,,,,,428-1 (TMCB 120)
Wilkerson,Fall 2026,3,101,,,,,,,,,,,,,,,,240-6 (JKB 3108),,,,,,,,,,,,340-2 (TMCB 1170),,,,,,,,,340-3 (CB 377),,,,,,,,,,,,,,,,,,,,
Wilkerson,Spring 2027,1,64,,,,,,,,,,,,,,240-1 (JKB 3104),,,,,,,,,,,,,,,,,,,,,,,,,,,,,,,,,,,,,,,,,,,
Wilkerson,Winter 2027,3,255,,,,,,,,,,,,,,,340-3 (JKB 3108),,,,240-3 (CB 377),,,,,,,,,,,,,,340-2 (JKB 1102),,,,,,,,,,,,,,,,,,,,,,,,
Williams,Fall 2026,3,120,,,,,,,,,,,,,,,,312B-1 (JFSB B092),312B-2 (BRMB 240),,,,,,,,,,,,,,,,,,,,,418-1 (MARB 130),,,,,,,,,,,,,,,,,,,
Wingate,Fall 2026,2,74,,,,,,,,,,,,,,,,,,,,,,,,,,,,,,674-1 (TMCB 134),,,,,,,,473-1 (JKB 2113),,,,,,,,,,,,,,,,,,,
Wingate,Winter 2027,1,32,,,,,,,,,,,,,,,,,,,,,,473-1 (HBLL 3718),,,,,,,,,,,,,,,,,,,,,,,,,,,,,,,,,,,
Zappala,Fall 2026,1,50,,,,,,,,,,,,,,,,,,,,,,,,,,,,,,465-1 (JKB 3106),,,,,,,,,,,,,,,,,,,,,,,,,,,
Zappala,Winter 2027,1,80,,,,,,,,,,,,,110-3 (TMCB 1170),,,,,,,,,,,,,,,,,,,,,,,,,,,,,,,,,,,,,,,,,,,,
